slug,t0_ms,end_ms,token_up,token_down
btc-updown-5m-1783188300,1783188300000,1783188600000,140303448849,100549640851
btc-updown-5m-1783188600,1783188600000,1783188900000,795917438785,567845154378
btc-updown-5m-1783188900,1783188900000,1783189200000,299797178243,110910258353
btc-updown-5m-1783189200,1783189200000,1783189500000,103078439882,711123895995
btc-updown-5m-1783189500,1783189500000,1783189800000,371915810069,158309100565
btc-updown-5m-1783189800,1783189800000,1783190100000,279264859358,966525335446
btc-updown-5m-1783190100,1783190100000,1783190400000,366695206252,111786484069
btc-updown-5m-1783190400,1783190400000,1783190700000,171592721325,107948988769
btc-updown-5m-1783190700,1783190700000,1783191000000,549563448742,110555213463
btc-updown-5m-1783191000,1783191000000,1783191300000,721192260961,178430505099
btc-updown-5m-1783191300,1783191300000,1783191600000,891758001899,728774972738
btc-updown-5m-1783191600,1783191600000,1783191900000,560259226457,637261308692
btc-updown-5m-1783191900,1783191900000,1783192200000,926095118039,328899179765
btc-updown-5m-1783192200,1783192200000,1783192500000,584796948103,308658348658
btc-updown-5m-1783192500,1783192500000,1783192800000,255164216149,102930029651
btc-updown-5m-1783193100,1783193100000,1783193400000,957507395470,515240734152
btc-updown-5m-1783193400,1783193400000,1783193700000,741147508020,781580667290
btc-updown-5m-1783193700,1783193700000,1783194000000,583545434528,835836678012
btc-updown-5m-1783194000,1783194000000,1783194300000,839330432730,864598503017
btc-updown-5m-1783194300,1783194300000,1783194600000,567892586996,350876946087
btc-updown-5m-1783194600,1783194600000,1783194900000,839419078914,808299221232
btc-updown-5m-1783194900,1783194900000,1783195200000,501380497355,285569660572
btc-updown-5m-1783199400,1783199400000,1783199700000,770692230734,109240456572
btc-updown-5m-1783199700,1783199700000,1783200000000,106795186445,908458284621
btc-updown-5m-1783200000,1783200000000,1783200300000,584282962162,281366620863
btc-updown-5m-1783200300,1783200300000,1783200600000,865975214863,106630464963
btc-updown-5m-1783200600,1783200600000,1783200900000,130760026297,774249289647
btc-updown-5m-1783200900,1783200900000,1783201200000,579464954841,366693825006
btc-updown-5m-1783201200,1783201200000,1783201500000,474773847506,425567717379
btc-updown-5m-1783201500,1783201500000,1783201800000,270050614762,561707714288
btc-updown-5m-1783203300,1783203300000,1783203600000,234387818409,390233354007
btc-updown-5m-1783203600,1783203600000,1783203900000,163123453780,169184416334
btc-updown-5m-1783203900,1783203900000,1783204200000,681541512849,895748118867
btc-updown-5m-1783204200,1783204200000,1783204500000,465002497524,107403423622
btc-updown-5m-1783204500,1783204500000,1783204800000,787929151604,211676798332
btc-updown-5m-1783204800,1783204800000,1783205100000,467428381798,112843576145
btc-updown-5m-1783205100,1783205100000,1783205400000,603704273545,114642861861
btc-updown-5m-1783205400,1783205400000,1783205700000,191735464557,332496795216
btc-updown-5m-1783205700,1783205700000,1783206000000,841313819485,380325738037
btc-updown-5m-1783206000,1783206000000,1783206300000,696874570024,375437288754
btc-updown-5m-1783206300,1783206300000,1783206600000,152841431358,903615162747
btc-updown-5m-1783206600,1783206600000,1783206900000,145171363522,926107694825
btc-updown-5m-1783206900,1783206900000,1783207200000,293682822412,875177984079
btc-updown-5m-1783207200,1783207200000,1783207500000,912556659534,112671266728
btc-updown-5m-1783207500,1783207500000,1783207800000,942512153509,979912235904
btc-updown-5m-1783207800,1783207800000,1783208100000,350457462747,844573494583
btc-updown-5m-1783208100,1783208100000,1783208400000,190363259099,407639370012
btc-updown-5m-1783208400,1783208400000,1783208700000,440964814674,240440883823
btc-updown-5m-1783208700,1783208700000,1783209000000,655338072955,113857998020
btc-updown-5m-1783209000,1783209000000,1783209300000,675039248151,104276748942
btc-updown-5m-1783209300,1783209300000,1783209600000,593240625281,239618689781
btc-updown-5m-1783209600,1783209600000,1783209900000,300381682671,570651210075
btc-updown-5m-1783209900,1783209900000,1783210200000,112196720527,672565751242
btc-updown-5m-1783210200,1783210200000,1783210500000,811040150882,659000935631
btc-updown-5m-1783210500,1783210500000,1783210800000,493322988824,756207881335
btc-updown-5m-1783210800,1783210800000,1783211100000,102828639258,122133540058
btc-updown-5m-1783211100,1783211100000,1783211400000,217129967180,850896842086
btc-updown-5m-1783211400,1783211400000,1783211700000,280997508930,879168256927
btc-updown-5m-1783211700,1783211700000,1783212000000,709733828921,966898005876
btc-updown-5m-1783212000,1783212000000,1783212300000,101954560644,106316160732
btc-updown-5m-1783212300,1783212300000,1783212600000,103992389230,467845404537
btc-updown-5m-1783212600,1783212600000,1783212900000,437274481262,857066805532
btc-updown-5m-1783212900,1783212900000,1783213200000,819935215920,147449541758
btc-updown-5m-1783213200,1783213200000,1783213500000,598830949772,798652877773
btc-updown-5m-1783213500,1783213500000,1783213800000,105375672105,781356592816
btc-updown-5m-1783213800,1783213800000,1783214100000,866234696842,540290563938
btc-updown-5m-1783214100,1783214100000,1783214400000,987379126849,594148966481
btc-updown-5m-1783214400,1783214400000,1783214700000,620171252494,968553074184
btc-updown-5m-1783214700,1783214700000,1783215000000,767993735548,333331856838
btc-updown-5m-1783215000,1783215000000,1783215300000,523799268819,109728067395
btc-updown-5m-1783215300,1783215300000,1783215600000,106929733959,369711681905
btc-updown-5m-1783215600,1783215600000,1783215900000,214462615510,102945341165
btc-updown-5m-1783215900,1783215900000,1783216200000,984145109936,558981354130
btc-updown-5m-1783216200,1783216200000,1783216500000,668979786817,556774790016
btc-updown-5m-1783216500,1783216500000,1783216800000,179549655001,226366068972
btc-updown-5m-1783216800,1783216800000,1783217100000,102327039267,111924505485
btc-updown-5m-1783217100,1783217100000,1783217400000,692384077948,104607547570
btc-updown-5m-1783217400,1783217400000,1783217700000,764755123250,856330798625
btc-updown-5m-1783217700,1783217700000,1783218000000,658379207689,495026508716
btc-updown-5m-1783218000,1783218000000,1783218300000,648681332824,331820643845
btc-updown-5m-1783218300,1783218300000,1783218600000,222051014214,202094846160
btc-updown-5m-1783218600,1783218600000,1783218900000,645613033862,863300868901
btc-updown-5m-1783218900,1783218900000,1783219200000,444347467172,475498236312
btc-updown-5m-1783219200,1783219200000,1783219500000,542780562341,951972132911
btc-updown-5m-1783219500,1783219500000,1783219800000,921714683633,279295596321
btc-updown-5m-1783219800,1783219800000,1783220100000,173815541248,273603196403
btc-updown-5m-1783220100,1783220100000,1783220400000,794991419617,279984653674
btc-updown-5m-1783220400,1783220400000,1783220700000,788417108881,603457856436
btc-updown-5m-1783220700,1783220700000,1783221000000,445818372433,941670506753
btc-updown-5m-1783221000,1783221000000,1783221300000,211737145728,452476775571
btc-updown-5m-1783221300,1783221300000,1783221600000,724099397722,263980125473
btc-updown-5m-1783221600,1783221600000,1783221900000,727412708233,676026737986
btc-updown-5m-1783221900,1783221900000,1783222200000,959086300776,700769291802
btc-updown-5m-1783222200,1783222200000,1783222500000,572630661394,977682187139
btc-updown-5m-1783222500,1783222500000,1783222800000,108093017712,997468082887
btc-updown-5m-1783222800,1783222800000,1783223100000,476133318222,516310149742
btc-updown-5m-1783223100,1783223100000,1783223400000,677384407788,210281359419
btc-updown-5m-1783223400,1783223400000,1783223700000,222079454017,975315032387
btc-updown-5m-1783223700,1783223700000,1783224000000,104225157214,495528676596
btc-updown-5m-1783224000,1783224000000,1783224300000,252388061994,102081521545
btc-updown-5m-1783224300,1783224300000,1783224600000,163280642935,178396842277
btc-updown-5m-1783224600,1783224600000,1783224900000,111036133619,597018474163
btc-updown-5m-1783224900,1783224900000,1783225200000,308928158188,178951038264
btc-updown-5m-1783225200,1783225200000,1783225500000,101548878125,410660205967
btc-updown-5m-1783225500,1783225500000,1783225800000,490796382395,361462332726
btc-updown-5m-1783225800,1783225800000,1783226100000,426317682776,743723918221
btc-updown-5m-1783226100,1783226100000,1783226400000,781436750433,623755539269
btc-updown-5m-1783226400,1783226400000,1783226700000,500278616340,343436056126
btc-updown-5m-1783226700,1783226700000,1783227000000,159890370129,520267333902
btc-updown-5m-1783227000,1783227000000,1783227300000,298870282687,474923543968
btc-updown-5m-1783227300,1783227300000,1783227600000,795021526930,637503571679
btc-updown-5m-1783227600,1783227600000,1783227900000,110897799647,120912790053
btc-updown-5m-1783227900,1783227900000,1783228200000,114975527422,260253832838
btc-updown-5m-1783228200,1783228200000,1783228500000,501948657780,400691529711
btc-updown-5m-1783228500,1783228500000,1783228800000,972847394130,467568244500
btc-updown-5m-1783228800,1783228800000,1783229100000,909642657856,942088282983
btc-updown-5m-1783229100,1783229100000,1783229400000,771128923159,838585960272
btc-updown-5m-1783229400,1783229400000,1783229700000,422618512970,187810320827
btc-updown-5m-1783229700,1783229700000,1783230000000,936702142732,890207692641
btc-updown-5m-1783230000,1783230000000,1783230300000,697045444779,406606031652
btc-updown-5m-1783230300,1783230300000,1783230600000,442760447878,997849701172
btc-updown-5m-1783230600,1783230600000,1783230900000,707723668239,366313319541
btc-updown-5m-1783230900,1783230900000,1783231200000,317474798609,349943069462
btc-updown-5m-1783231200,1783231200000,1783231500000,771464531268,225774344708
btc-updown-5m-1783231500,1783231500000,1783231800000,837781415108,652812752703
btc-updown-5m-1783232100,1783232100000,1783232400000,662252740117,126439699643
btc-updown-5m-1783232400,1783232400000,1783232700000,901710870595,102635849792
btc-updown-5m-1783232700,1783232700000,1783233000000,606800633072,322573779228
btc-updown-5m-1783233000,1783233000000,1783233300000,808761577244,755651546535
btc-updown-5m-1783233300,1783233300000,1783233600000,465648775178,361205701118
btc-updown-5m-1783233600,1783233600000,1783233900000,951782305656,488684979318
btc-updown-5m-1783233900,1783233900000,1783234200000,226443144544,378526777238
btc-updown-5m-1783234200,1783234200000,1783234500000,114424002132,102187200431
btc-updown-5m-1783234500,1783234500000,1783234800000,884076968849,112073482587
btc-updown-5m-1783234800,1783234800000,1783235100000,113374525453,174046469043
btc-updown-5m-1783235100,1783235100000,1783235400000,219259431019,748160705521
btc-updown-5m-1783235400,1783235400000,1783235700000,884878880883,282942605654
btc-updown-5m-1783235700,1783235700000,1783236000000,495498500010,393537128307
btc-updown-5m-1783236000,1783236000000,1783236300000,111330720125,323352855995
btc-updown-5m-1783236300,1783236300000,1783236600000,473357811566,530221690534
btc-updown-5m-1783236600,1783236600000,1783236900000,779532653366,668802427039
btc-updown-5m-1783236900,1783236900000,1783237200000,139022387545,105097057358
btc-updown-5m-1783237200,1783237200000,1783237500000,165678564686,930391629076
btc-updown-5m-1783237500,1783237500000,1783237800000,373576976602,373394146487
btc-updown-5m-1783237800,1783237800000,1783238100000,979805863971,115029677189
btc-updown-5m-1783238100,1783238100000,1783238400000,298667989228,617018773653
btc-updown-5m-1783238400,1783238400000,1783238700000,285063956176,960401851287
btc-updown-5m-1783238700,1783238700000,1783239000000,389399176715,102731141914
btc-updown-5m-1783239000,1783239000000,1783239300000,101194819384,568489189175
btc-updown-5m-1783239300,1783239300000,1783239600000,247000124799,642238676467
btc-updown-5m-1783239600,1783239600000,1783239900000,516501323558,462763878983
btc-updown-5m-1783239900,1783239900000,1783240200000,969584937883,973839949361
btc-updown-5m-1783240200,1783240200000,1783240500000,961519502412,102331837275
btc-updown-5m-1783240500,1783240500000,1783240800000,663502172969,716240629407
btc-updown-5m-1783240800,1783240800000,1783241100000,424906865322,399260282933
btc-updown-5m-1783241100,1783241100000,1783241400000,100793631025,748235769896
btc-updown-5m-1783241400,1783241400000,1783241700000,105304554851,722222674052
btc-updown-5m-1783241700,1783241700000,1783242000000,247478941176,712305577479
btc-updown-5m-1783242000,1783242000000,1783242300000,431116141287,353525397843
btc-updown-5m-1783242300,1783242300000,1783242600000,388865707482,405701624333
btc-updown-5m-1783242600,1783242600000,1783242900000,945797767474,804975181108
btc-updown-5m-1783242900,1783242900000,1783243200000,743198489929,741928234826
btc-updown-5m-1783243200,1783243200000,1783243500000,102574002907,802863511278
btc-updown-5m-1783243500,1783243500000,1783243800000,112311002628,759771968227
btc-updown-5m-1783243800,1783243800000,1783244100000,888350958716,375636502672
btc-updown-5m-1783244100,1783244100000,1783244400000,103079492256,178697221300
btc-updown-5m-1783244400,1783244400000,1783244700000,418687391432,317451209080
btc-updown-5m-1783244700,1783244700000,1783245000000,488103065706,260798165359
btc-updown-5m-1783245000,1783245000000,1783245300000,485426939024,719722872876
btc-updown-5m-1783245300,1783245300000,1783245600000,840313886471,268588358730
btc-updown-5m-1783245600,1783245600000,1783245900000,631333549727,629283243925
btc-updown-5m-1783245900,1783245900000,1783246200000,704791299250,177208099122
btc-updown-5m-1783246200,1783246200000,1783246500000,874892223617,413222701393
btc-updown-5m-1783246500,1783246500000,1783246800000,632833962875,943278734313
btc-updown-5m-1783246800,1783246800000,1783247100000,662108672962,106636637311
btc-updown-5m-1783247100,1783247100000,1783247400000,953249430927,871608253619
btc-updown-5m-1783247400,1783247400000,1783247700000,669001703208,112560076695
btc-updown-5m-1783247700,1783247700000,1783248000000,521444964943,209395292465
btc-updown-5m-1783248000,1783248000000,1783248300000,100089365698,394992931142
btc-updown-5m-1783248300,1783248300000,1783248600000,108764890024,428673555740
btc-updown-5m-1783248600,1783248600000,1783248900000,153828485215,470808416689
btc-updown-5m-1783248900,1783248900000,1783249200000,944026001729,794166308563
btc-updown-5m-1783249200,1783249200000,1783249500000,827830880000,108522160249
btc-updown-5m-1783249500,1783249500000,1783249800000,473153408949,498002165182
btc-updown-5m-1783249800,1783249800000,1783250100000,319264778265,424096080646
btc-updown-5m-1783250100,1783250100000,1783250400000,964475175857,316097732414
btc-updown-5m-1783250400,1783250400000,1783250700000,966390441399,813642302159
btc-updown-5m-1783250700,1783250700000,1783251000000,100754449531,110338383044
btc-updown-5m-1783251000,1783251000000,1783251300000,408696567480,493918933545
btc-updown-5m-1783251300,1783251300000,1783251600000,718362888489,691028782679
btc-updown-5m-1783251600,1783251600000,1783251900000,341123998950,307081572768
btc-updown-5m-1783251900,1783251900000,1783252200000,520679580404,790809030108
btc-updown-5m-1783252200,1783252200000,1783252500000,642587096883,843462427203
btc-updown-5m-1783252500,1783252500000,1783252800000,885767164033,547279428603
btc-updown-5m-1783252800,1783252800000,1783253100000,105163333504,484141605246
btc-updown-5m-1783253100,1783253100000,1783253400000,880082430453,862905429052
btc-updown-5m-1783253400,1783253400000,1783253700000,338714769663,163827336466
btc-updown-5m-1783253700,1783253700000,1783254000000,764465333358,498563925745
btc-updown-5m-1783254000,1783254000000,1783254300000,878170742558,102106152467
btc-updown-5m-1783254300,1783254300000,1783254600000,952743879711,435127013694
btc-updown-5m-1783254600,1783254600000,1783254900000,819113635224,369537466107
btc-updown-5m-1783254900,1783254900000,1783255200000,231864606709,634755741983
btc-updown-5m-1783255200,1783255200000,1783255500000,866156302425,716565757547
btc-updown-5m-1783255500,1783255500000,1783255800000,871591028375,852588825281
btc-updown-5m-1783255800,1783255800000,1783256100000,912404772628,676611463247
btc-updown-5m-1783256100,1783256100000,1783256400000,353862379563,549567063140
btc-updown-5m-1783256400,1783256400000,1783256700000,972309466013,866964882534
btc-updown-5m-1783256700,1783256700000,1783257000000,480707882068,672146021318
btc-updown-5m-1783257000,1783257000000,1783257300000,428389334100,877416303487
btc-updown-5m-1783257300,1783257300000,1783257600000,122211509632,167979192637
btc-updown-5m-1783257600,1783257600000,1783257900000,613135383122,620070635342
btc-updown-5m-1783257900,1783257900000,1783258200000,650225042551,570146295296
btc-updown-5m-1783258200,1783258200000,1783258500000,210277174789,413444806407
btc-updown-5m-1783258500,1783258500000,1783258800000,113849092647,465439444913
btc-updown-5m-1783258800,1783258800000,1783259100000,114052060359,676550856854
btc-updown-5m-1783259100,1783259100000,1783259400000,386528751459,899051312959
btc-updown-5m-1783284000,1783284000000,1783284300000,576376962817,103806842710
btc-updown-5m-1783284300,1783284300000,1783284600000,105716380391,105565428263
btc-updown-5m-1783284600,1783284600000,1783284900000,318461220541,341039106496
btc-updown-5m-1783284900,1783284900000,1783285200000,847354166696,813956263747
btc-updown-5m-1783285200,1783285200000,1783285500000,943477609907,115446938510
btc-updown-5m-1783285500,1783285500000,1783285800000,103862306178,733749916434
btc-updown-5m-1783285800,1783285800000,1783286100000,429561901576,457383402255
btc-updown-5m-1783286100,1783286100000,1783286400000,386643908840,606371561032
btc-updown-5m-1783286400,1783286400000,1783286700000,935110190019,172740815293
btc-updown-5m-1783286700,1783286700000,1783287000000,105712716069,538537359739
btc-updown-5m-1783287000,1783287000000,1783287300000,128307626537,140108840748
btc-updown-5m-1783287300,1783287300000,1783287600000,870627698084,207725248498
btc-updown-5m-1783287600,1783287600000,1783287900000,726021581266,228450356943
btc-updown-5m-1783287900,1783287900000,1783288200000,593890669964,840899235485
btc-updown-5m-1783288200,1783288200000,1783288500000,563925782857,418694986311
btc-updown-5m-1783288500,1783288500000,1783288800000,134949977997,936546293687
btc-updown-5m-1783288800,1783288800000,1783289100000,532300079143,603365211378
btc-updown-5m-1783289100,1783289100000,1783289400000,566926177208,369857526014
btc-updown-5m-1783289400,1783289400000,1783289700000,853817632223,245613101108
btc-updown-5m-1783289700,1783289700000,1783290000000,576982155861,805258976256
btc-updown-5m-1783290000,1783290000000,1783290300000,112131319593,575942904929
btc-updown-5m-1783290300,1783290300000,1783290600000,306728095522,173540195079
btc-updown-5m-1783290600,1783290600000,1783290900000,103757930376,189273760958
btc-updown-5m-1783290900,1783290900000,1783291200000,990309568783,845409070372
btc-updown-5m-1783291200,1783291200000,1783291500000,599402448859,104936249319
btc-updown-5m-1783291500,1783291500000,1783291800000,213391492865,126395011128
btc-updown-5m-1783291800,1783291800000,1783292100000,104639269974,440960790158
btc-updown-5m-1783292100,1783292100000,1783292400000,110727233039,823047410053
btc-updown-5m-1783292400,1783292400000,1783292700000,166140507504,452974714351
btc-updown-5m-1783292700,1783292700000,1783293000000,519943248277,971216494116
btc-updown-5m-1783293000,1783293000000,1783293300000,856959821486,358992914464
btc-updown-5m-1783293300,1783293300000,1783293600000,105580722132,302298862616
btc-updown-5m-1783293600,1783293600000,1783293900000,498264804094,109801968260
btc-updown-5m-1783293900,1783293900000,1783294200000,211157520326,424689118503
btc-updown-5m-1783294200,1783294200000,1783294500000,143678819842,368408549304
btc-updown-5m-1783294500,1783294500000,1783294800000,103778213920,153812747767
btc-updown-5m-1783294800,1783294800000,1783295100000,477788759949,558915574126
btc-updown-5m-1783295100,1783295100000,1783295400000,518752439234,114857563563
btc-updown-5m-1783295400,1783295400000,1783295700000,101757740171,510885295622
btc-updown-5m-1783295700,1783295700000,1783296000000,100597354867,639217300580
btc-updown-5m-1783296000,1783296000000,1783296300000,979813531395,124916133757
btc-updown-5m-1783296300,1783296300000,1783296600000,221313403151,161376161411
btc-updown-5m-1783296600,1783296600000,1783296900000,266617965474,330132723392
btc-updown-5m-1783296900,1783296900000,1783297200000,664370876669,115128589106
btc-updown-5m-1783297200,1783297200000,1783297500000,110596561790,455065497401
btc-updown-5m-1783297500,1783297500000,1783297800000,140119318040,295364492123
btc-updown-5m-1783297800,1783297800000,1783298100000,458828950363,193220141356
btc-updown-5m-1783298100,1783298100000,1783298400000,248874848034,152306306443
btc-updown-5m-1783298400,1783298400000,1783298700000,734290548310,101502563817
btc-updown-5m-1783298700,1783298700000,1783299000000,387256151732,488997797255
btc-updown-5m-1783299000,1783299000000,1783299300000,605692570286,817510646217
btc-updown-5m-1783299300,1783299300000,1783299600000,372316311395,434071916465
btc-updown-5m-1783299600,1783299600000,1783299900000,806035075224,161074236462
btc-updown-5m-1783299900,1783299900000,1783300200000,147778191594,715495395174
btc-updown-5m-1783300200,1783300200000,1783300500000,159580026483,693800087175
btc-updown-5m-1783300500,1783300500000,1783300800000,199211326368,145852392409
btc-updown-5m-1783300800,1783300800000,1783301100000,790306626152,105576798613
btc-updown-5m-1783301100,1783301100000,1783301400000,111705943053,849959796379
btc-updown-5m-1783301400,1783301400000,1783301700000,665671415230,790061165753
btc-updown-5m-1783301700,1783301700000,1783302000000,927926785735,576185946319
btc-updown-5m-1783302000,1783302000000,1783302300000,188715769886,526936762682
btc-updown-5m-1783302300,1783302300000,1783302600000,623853126122,857164245410
btc-updown-5m-1783302600,1783302600000,1783302900000,525963325874,328061541275
btc-updown-5m-1783302900,1783302900000,1783303200000,826173391983,101208758953
btc-updown-5m-1783303200,1783303200000,1783303500000,878727484631,126597472235
btc-updown-5m-1783303500,1783303500000,1783303800000,403037611951,301563186474
btc-updown-5m-1783303800,1783303800000,1783304100000,830340730553,259968509773
btc-updown-5m-1783304100,1783304100000,1783304400000,560227500526,142551489261
btc-updown-5m-1783304400,1783304400000,1783304700000,514028637673,957940964605
btc-updown-5m-1783304700,1783304700000,1783305000000,576059555087,275957667757
btc-updown-5m-1783305000,1783305000000,1783305300000,386863070788,938074757995
btc-updown-5m-1783305300,1783305300000,1783305600000,585447650134,710697254114
btc-updown-5m-1783305600,1783305600000,1783305900000,209362180284,791223036025
btc-updown-5m-1783305900,1783305900000,1783306200000,411667903020,798406415231
btc-updown-5m-1783306200,1783306200000,1783306500000,354502329389,165624313677
btc-updown-5m-1783306500,1783306500000,1783306800000,457114725137,595893578551
btc-updown-5m-1783306800,1783306800000,1783307100000,191151397466,562970943949
btc-updown-5m-1783307100,1783307100000,1783307400000,269575449874,645347366688
btc-updown-5m-1783307400,1783307400000,1783307700000,975920988412,411658139582
btc-updown-5m-1783307700,1783307700000,1783308000000,373611034578,115308641374
btc-updown-5m-1783308000,1783308000000,1783308300000,101103784878,169050203650
btc-updown-5m-1783308300,1783308300000,1783308600000,466360694715,194335164650
btc-updown-5m-1783308600,1783308600000,1783308900000,669494060100,308456166783
btc-updown-5m-1783308900,1783308900000,1783309200000,110349650998,516970904287
btc-updown-5m-1783309200,1783309200000,1783309500000,731303522857,456976772057
btc-updown-5m-1783309500,1783309500000,1783309800000,912386429589,986934435873
btc-updown-5m-1783309800,1783309800000,1783310100000,105521753930,940948925149
btc-updown-5m-1783310100,1783310100000,1783310400000,114197466788,104859662192
btc-updown-5m-1783310400,1783310400000,1783310700000,114257941273,102155087157
btc-updown-5m-1783310700,1783310700000,1783311000000,756389130311,526934916247
btc-updown-5m-1783311000,1783311000000,1783311300000,255732705590,945504836040
btc-updown-5m-1783311300,1783311300000,1783311600000,111836791002,401178155471
btc-updown-5m-1783311600,1783311600000,1783311900000,484166132827,301147805640
btc-updown-5m-1783311900,1783311900000,1783312200000,426675817453,161480098514
btc-updown-5m-1783312200,1783312200000,1783312500000,770485224519,407678600821
btc-updown-5m-1783312500,1783312500000,1783312800000,716948409315,679259473842
btc-updown-5m-1783312800,1783312800000,1783313100000,365386145910,754951751504
btc-updown-5m-1783313100,1783313100000,1783313400000,881789606175,424450775857
btc-updown-5m-1783313400,1783313400000,1783313700000,824406011778,845169649310
btc-updown-5m-1783313700,1783313700000,1783314000000,111067042462,927395018995
btc-updown-5m-1783314000,1783314000000,1783314300000,102848996781,869962242562
btc-updown-5m-1783314300,1783314300000,1783314600000,154574443675,105585431963
btc-updown-5m-1783314600,1783314600000,1783314900000,208760678085,808700962838
btc-updown-5m-1783314900,1783314900000,1783315200000,596147267953,172998573743
btc-updown-5m-1783315200,1783315200000,1783315500000,618200238815,108903946443
btc-updown-5m-1783315500,1783315500000,1783315800000,411446936512,356042724925
btc-updown-5m-1783315800,1783315800000,1783316100000,101678508086,307358051275
btc-updown-5m-1783316100,1783316100000,1783316400000,755621122252,260945017211
btc-updown-5m-1783316400,1783316400000,1783316700000,931568455072,281517712766
btc-updown-5m-1783316700,1783316700000,1783317000000,433079897253,864457479534
btc-updown-5m-1783317000,1783317000000,1783317300000,565451561888,111014148791
btc-updown-5m-1783317300,1783317300000,1783317600000,209907877807,876507145441
btc-updown-5m-1783317600,1783317600000,1783317900000,105114398471,197645840772
btc-updown-5m-1783317900,1783317900000,1783318200000,489164894659,809200249825
btc-updown-5m-1783318200,1783318200000,1783318500000,957884555295,503996109898
btc-updown-5m-1783318500,1783318500000,1783318800000,403482553487,602193684296
btc-updown-5m-1783318800,1783318800000,1783319100000,777352103793,512510931993
btc-updown-5m-1783319100,1783319100000,1783319400000,508175899286,636951849593
btc-updown-5m-1783319400,1783319400000,1783319700000,667482442698,958602025080
btc-updown-5m-1783319700,1783319700000,1783320000000,262604699476,655412612028
btc-updown-5m-1783320000,1783320000000,1783320300000,602257473304,627979988198
btc-updown-5m-1783320300,1783320300000,1783320600000,545718077289,537337844718
